Cycle;meanVel;maxVel;minVel;stdVel;maxAccel;maxDecel;stdAccel;stdDecel;meanAccel;meanDecel;rAccel;rDecel;rStop;stopCnt;meanStopDur;meanGear;gearChg
Test1;3.376385493;13.26068847;0;5.427195919;2.830859922;-3.379076908;0.922539489;1.021586012;1.08455428;-0.946127501;0.108333333;0.125;0.666666667;2;40;1.5;4
Test1;5.703505435;13.53286266;0;5.242181292;1.981586368;-2.484102471;0.518089568;0.687854375;0.601040448;-0.702960744;0.375;0.216666667;0.341666667;2;20.5;1.8;9
Test1;3.487056356;14.98645365;0;5.050638125;2.328557331;-3.960704279;0.666710642;0.981401605;1.144578546;-1.409333258;0.241666667;0.25;0.5;5;12;1.408333333;9
Test1;7.820556689;13.67782544;0;4.031812916;2.481709809;-2.303663171;0.531833301;0.59768088;0.708071701;-0.711216001;0.45;0.341666667;0.108333333;1;13;1.933333333;15
Test1;6.228154219;10.32986111;0;3.375608245;1.767000056;-2.059642497;0.419405695;0.418452247;0.524619305;-0.536975502;0.35;0.391666667;0.116666667;1;14;1.6;6
Test1;2.46426743;8.038194444;0;2.594626326;1.371213107;-1.974824268;0.324964556;0.435666848;0.479852039;-0.569364209;0.325;0.341666667;0.275;3;11;1.2;5
Test1;1.960817945;4.268666503;0;1.275690802;0.989679986;-0.798633175;0.185776817;0.158358066;0.332541291;-0.280276111;0.35;0.391666667;0.083333333;3;3.333333333;1;0
Test1;1.628601991;4.55066624;0;1.312563233;1.174169288;-0.861727519;0.308214938;0.184639613;0.392617311;-0.328793753;0.3;0.358333333;0.266666667;3;10.66666667;1;0
Test1;3.415667086;11.13248358;0;3.667152283;1.487938116;-3.547100356;0.308110041;0.819874606;0.593195112;-1.000077559;0.433333333;0.225;0.316666667;4;9.5;1.3;7
